hash_id,code,kind,repeat,desc,narrative
46b4c5c8f59161bc,2.40(b)(1),,False,Attending veterinarian and adequate veterinary care (dealers and exhibitors).,"Upon inspection, one vial of “Humulin N” insulin was still being utilized beyond the recommended packaging timeframe
and confirmed by the facility representative present that the medication was still being given to animals on-hand. The
instructions on the box denote that any unused portion remaining 31 days after first opening should be discarded. The
open vial identified was opened on August 6, 2023, and still being administered to two diabetic primates.
Medications may lose their strength and may no longer be effective as indicated for their use when used outside of the
designated time table identified by the manufacturer. Additionally, the effect of the medications may be unpredictable,
potentially leading to further illness when used beyond the intended time outlined on the label. The facility must ensure
the availability of appropriate facilities, personnel, equipment, and services to comply with the provisions of this
subchapter.
The facility corrected during the inspection.
This inspection and exit interview were conducted with authorized person.
n"
d9c65ab06539c5fa,2.40(b)(2),,False,ATTENDING VETERINARIAN AND ADEQUATE VETERINARY CARE (DEALERS AND EXHIBITORS).,"A 14 year old male cynomologus, number 1824, is not using his rear legs at all. He is exhibiting contracted stiff
legs, and moves around with his forelegs. No lesions were observable from cage side. There are no notations in his
medical record about this condition as to when did it start, is it getting worse, or have any treatments been tried.
The new Attending Veterinarian needs to examine this animal and make suggestions for his care.
To be corrected by 3-24-17,"
d9c65ab06539c5fa,3.127(d),,False,"FACILITIES, OUTDOOR.","There are four groundhogs in individual cages housed outside. Since the last inspection, they were moved under a
roofed shelter. The property where the shelter is located only has a 4 - 5 foot livestock fence around it. A separate
6 foot perimeter fence located at least 3 feet away from the animal enclosures is required for all wild animals unless
a variance is obtained. To be corrected by 4-7-17.
This inspection and exit interview were conducted withTSS President and Facilities Manager."
2ba93b493b3d8762,3.50(a),,False,"FACILITIES, GENERAL.","The metal support bars under the outdoor wire cages for two banks of 27 rabbits are excessively rusting and
actually missing parts of the bars. These bars are no longer structurally sound nor can they be sanitized and need
to be replaced. To be corrected by 8-19-16."
2ba93b493b3d8762,3.128,,False,SPACE REQUIREMENTS.,"A new species was added since the last inspection. Groundhogs are now being housed here in metal bar cages.
One groundhog was in a different cage which was more like a tunnel, but only provided 13 inches of vertical height.
These are large full grown groundhogs and a normal postural adjustment is to stand up on rear legs. Enclosures
need to provide sufficient space to allow each animal to make normal postural and social adjustments with
adequate freedom of movement. During this inspection additional space was added to double the size of this
enclosure, thus correcting this deficiency.
Exit briefing conducted with facility representative."
266f398e577b4733,2.40(b)(2),,False,ATTENDING VETERINARIAN AND ADEQUATE VETERINARY CARE (DEALERS AND EXHIBITORS).,"Dutch belted rabbits are being bred at the facility and four does and their unweaned kits are in indoor cages today.
All of the 13 unweaned kits and 6 weaned rabbits (including 3 outside) have severely splayed rear legs. They can
not pull their rear legs under their body and hop normally. Instead they mostly pull themselves with their forelegs
and drag their rears. One of the outside rabbits has splayed foreleg and rear legs, and it was observed paddling
around the cage. The caretakers state they have tried various solid surfaces in the indoor slat metal floor cages,
but nothing helped.
The attending veterinarian was not aware of this condition as he has not been consulted about it. The female
rabbits are culls from a breeder and because this condition is believed to be partially congenital, this may be the
reason for the cull. Although no lesions were observed on the rabbits and they are able to move around to reach
food and water, treatments need to be attempted to decrease the severity of the splay legs. Besides treating the
legs, different habitats and surfaces could be tried to help the current splayed rabbits with mobility. These rabbits
are generally not kept for more than 3 - 6 months. To be corrected by 9-3-15."
266f398e577b4733,3.81(c)(2),,False,ENVIRONMENT ENHANCEMENT TO PROMOTE PSYCHOLOGICAL WELL-BEING.,"A singly housed male cynomologus macaque, number 9442 in room 2A has total fur loss in every area he can
reach. His entire front and lower back are bare. Alopecia can indicate potential psychological distress. This
primate is not receiving any special environmental enhancements over the routine ones being provided for all in the
room. This same male was cited in 2010, but there is no individual record to review showing if he has ever regrown
his fur from that time. In consult with the Attending Veterinarian, this primate's environment needs to be enhanced
or completely altered to attempt to stop the chronic fur loss. To be corrected by 9-14-15.
Exit briefing conducted with facility representative."
5974a827a36fdec6,2.126(b),,False,ACCESS AND INSPECTION OF RECORDS AND PROPERTY; SUBMISSION OF ITINERARIES.,"A responsible adult was not available to accompany APHIS Officials during the inspection process at 430 pm on
05-Jul-17.
Person in the home said owner would not be available for inspection for two weeks."
468d1d73fef54a9e,2.126(b),,False,ACCESS AND INSPECTION OF RECORDS AND PROPERTY; SUBMISSION OF ITINERARIES.,"Section 2.126(b) - Access and inspection of records and property: A responsible adult shall be made available to
accompany APHIS officials during the inspection process.
A responsible adult was not available to accompany APHIS Officials during the inspection process at 430 pm on
12/04/2014."
53ad63f25a74f90b,2.126(b),,False,ACCESS AND INSPECTION OF RECORDS AND PROPERTY; SUBMISSION OF ITINERARIES.,"A responsible adult was not available to accompany APHIS Officials during the inspection process at 11:30am -
12:10pm on 08-May-19.
Inspector arrived at facility, knocked on residence door, honked GOV horn, called listed phone number with no
timely response."
9c184e6e4c46541e,2.40(a)(1),,False,Attending veterinarian and adequate veterinary care (dealers and exhibitors).,"Currently the facility is using two different vets for care when the animals show signs of illness or injury and take the
animals to the vet when needed. The facility must have formal arrangements with an attending veterinarian which shall
include a written program of veterinary care and regularly scheduled visits to the facility. This is to assure that the vet has
appropriate authority over the care of the diverse species at the facility and to assure their health care needs are met.
Correct by: July 31, 2022
This inspection and exit interview were conducted with the Curator of Conservation and Welfare
End Section"
55b72c5a300e6647,2.31(c)(3),,False,Institutional Animal Care and Use Committee (IACUC).,"The IACUC conducted semi-annual program review and facility inspections in March 2023. A report of the IACUC's
evaluations was submitted to the Institutional Official on March 3rd, 2023, but was not signed by a majority of the
committee members. In order to ensure the committee has the opportunity to review the report and ensure minority views
are represented, the report must be signed by a majority of the IACUC members.
The facility implemented corrective actions at the time of inspection to have the March report reviewed and signed by the
committee for resubmission to the Institutional Official. To remain corrected after June 2nd, 2023.
This inspection and exit interview were conducted with facility representatives.
n"
